{"cameraMode":{"drawMode":0,"name":"Shaded","section":"Shading Mode"},"sceneLighting":false,"audioPlay":false,"sceneViewState":{"m_AlwaysRefresh":false,"showFog":true,"showSkybox":false,"showFlares":true,"showImageEffects":true,"showParticleSystems":true,"showVisualEffectGraphs":true,"m_FxEnabled":true},"in2DMode":false,"pivot":{"x":-0.7863206267356873,"y":1.6452972888946534,"z":-7.281137943267822},"rotation":{"x":0.05963384732604027,"y":-0.02635307051241398,"z":-0.0015798347303643823,"w":-0.9978764653205872},"size":2.0755789279937746,"orthographic":false}