{"cameraMode":{"drawMode":0,"name":"Shaded","section":"Shading Mode"},"sceneLighting":false,"audioPlay":false,"sceneViewState":{"m_AlwaysRefresh":false,"showFog":true,"showSkybox":false,"showFlares":true,"showImageEffects":true,"showParticleSystems":true,"showVisualEffectGraphs":true,"m_FxEnabled":true},"in2DMode":false,"pivot":{"x":-1.5296272039413453,"y":1.9099791049957276,"z":5.996459007263184},"rotation":{"x":0.061333853751420978,"y":0.203396275639534,"z":0.012783227488398552,"w":-0.9771187901496887},"size":4.7747321128845219,"orthographic":false}