{"cameraMode":{"drawMode":0,"name":"Shaded","section":"Shading Mode"},"sceneLighting":false,"audioPlay":false,"sceneViewState":{"m_AlwaysRefresh":false,"showFog":true,"showSkybox":false,"showFlares":true,"showImageEffects":true,"showParticleSystems":true,"showVisualEffectGraphs":true,"m_FxEnabled":true},"in2DMode":false,"pivot":{"x":2.869617462158203,"y":13.127059936523438,"z":-5.451938629150391},"rotation":{"x":-0.1512313187122345,"y":-0.00026778128813020885,"z":0.00004618658931576647,"w":-0.9885299801826477},"size":16.518478393554689,"orthographic":false}