{"cameraMode":{"drawMode":0,"name":"Shaded","section":"Shading Mode"},"sceneLighting":false,"audioPlay":false,"sceneViewState":{"m_AlwaysRefresh":false,"showFog":true,"showSkybox":false,"showFlares":true,"showImageEffects":true,"showParticleSystems":true,"showVisualEffectGraphs":true,"m_FxEnabled":true},"in2DMode":false,"pivot":{"x":-0.07283103466033936,"y":1.1143229007720948,"z":-0.4647119641304016},"rotation":{"x":0.007057137321680784,"y":-0.9925761222839356,"z":-0.07128098607063294,"w":-0.09829408675432205},"size":2.0482826232910158,"orthographic":false}