{"cameraMode":{"drawMode":0,"name":"Shaded","section":"Shading Mode"},"sceneLighting":false,"audioPlay":false,"sceneViewState":{"m_AlwaysRefresh":false,"showFog":true,"showSkybox":false,"showFlares":true,"showImageEffects":true,"showParticleSystems":true,"showVisualEffectGraphs":true,"m_FxEnabled":true},"in2DMode":false,"pivot":{"x":-3.7836434841156008,"y":2.1505603790283205,"z":12.746362686157227},"rotation":{"x":0.00003435237886151299,"y":-0.9999743700027466,"z":0.0048075588420033459,"w":0.006607278250157833},"size":2.8588500022888185,"orthographic":false}