{"cameraMode":{"drawMode":0,"name":"Shaded","section":"Shading Mode"},"sceneLighting":false,"audioPlay":false,"sceneViewState":{"m_AlwaysRefresh":false,"showFog":true,"showSkybox":false,"showFlares":true,"showImageEffects":true,"showParticleSystems":true,"showVisualEffectGraphs":true,"m_FxEnabled":true},"in2DMode":false,"pivot":{"x":-1.1906660795211793,"y":1.910377025604248,"z":13.969257354736329},"rotation":{"x":0.005490741226822138,"y":0.9878451228141785,"z":-0.035883866250514987,"w":0.15111811459064485},"size":1.0562188625335694,"orthographic":false}